{
  "NORM": 0.46480077505111694,
  "MI": 0.08010300993919373,
  "STTC": 0.19654208421707153,
  "CD": 0.261023610830307,
  "HYP": 0.06542941182851791
}