{
  "NORM": 0.4967394519853423,
  "MI": 0.06849733703812783,
  "STTC": 0.3001881938530804,
  "CD": 0.35826758295905436,
  "HYP": 0.0817843845043879
}